e113;e113;e113;e113;e114;e114;e114;s1;s1;s1;s2;s2;e101;e101;e101;e4;e4;;;s3;s3;e102;e102;e102
e113;e113;e113;e113;e114;e114;e114;s1-d;s1;s1;s2;s2;e101;e101;e101;e4;e4;;;s3;s3;e102;e102;e102
e113;e113;e113;e113;e114;e114-d;e114;k1-d;k1;k1;s2-d;k2;e101;e101-d;e101;e4-d;e4;;;s3-d;s3;e102;e102;e102
e113;e113;e113;e113;e110;e110-d;e110;k1;k1;k1-d;k2-d;k2;k2;k2-d;k2;k2-d;k2;;k2;k2-d;k2;e102;e102;e102
e113;e113;e113;e113-d;e110-d;e110;e110-d;k1-d;k1;k1;k2;k2-d;k2;k2-d;k2;k2;k2-d;k2;k2;k2;k2-d;e102-d;e102;e102
e112;e112;e112;e112;e110;e110;e110;e109;e109;e109;e107;e107-d;e106;e106-d;e106;e105;e105-d;e105;k2;k2;k2;e103;e103;e103
e112;e112;e112;e112-d;e110-d;e110;e110;e109;e109;e109;e107;e107;e106;e106;e106;e105;e105;e105;k2;k2-d;k2-d;e103-d;e103;e103
e112;e112;e112;e112;e110;e110;e110-d;e109-d;e109;e109;e107;e107;e106;e106;e106;e105;e105;e105;e104;e104-d;e104;e103;e103;e103
e112;e112;e112;e112;e110;e110;e110;e109;e109;e109;e108;e108;e106;e106;e106;e105;e105;e105;e104;e104;e104;e103;e103;e103
e111;e111;e111;e111-d;e110-d;e110;e110;e109;e109;e109-d;e108-d;e108;e106;e106;e106;e105;e105;e105;e104;e104;e104;e103;e103;e103
e111;e111;e111;e111;e110;e110;e110;e109;e109;e109;e108;e108;e106;e106;e106;e105;e105;e105;e104;e104;e104;e103;e103;e103
e111;e111;e111;e111;e110;e110;e110;e109;e109;e109;e108;e108;e106;e106;e106;e105;e105;e105;e104;e104;e104;e103;e103;e103
